鬼子来了,9.2,中国,战争,https://movie.douban.com/subject/1291858/,https://img3.doubanio.com/view/photo/s_ratio_poster/public/p1181775734.jpg
孙立人三部曲,9.1,中国,战争,https://movie.douban.com/subject/2995929/,https://img3.doubanio.com/view/subject/l/public/s2982884.jpg
鬼子来了,9.2,大陆,战争,https://movie.douban.com/subject/1291858/,https://img3.doubanio.com/view/photo/s_ratio_poster/public/p1181775734.jpg
辛德勒的名单,9.4,美国,战争,https://movie.douban.com/subject/1295124/,https://img3.doubanio.com/view/photo/s_ratio_poster/public/p492406163.jpg
乱世佳人,9.2,美国,战争,https://movie.douban.com/subject/1300267/,https://img3.doubanio.com/view/photo/s_ratio_poster/public/p1963126880.jpg
你逃我也逃,9.2,美国,战争,https://movie.douban.com/subject/1303418/,https://img3.doubanio.com/view/photo/s_ratio_poster/public/p1339915772.jpg
蓝与灰,9.1,美国,战争,https://movie.douban.com/subject/1300008/,https://img3.doubanio.com/view/subject/l/public/s2609825.jpg
将军号,9.0,美国,战争,https://movie.douban.com/subject/1292778/,https://img3.doubanio.com/view/photo/s_ratio_poster/public/p2248676081.jpg
孙立人三部曲,9.1,台湾,战争,https://movie.douban.com/subject/2995929/,https://img3.doubanio.com/view/subject/l/public/s2982884.jpg
卡里古拉,9.2,日本,战争,https://movie.douban.com/subject/26843144/,https://img3.doubanio.com/view/photo/s_ratio_poster/public/p2369252025.jpg
人间的条件(第五、六部),9.1,日本,战争,https://movie.douban.com/subject/1441039/,https://img3.doubanio.com/view/photo/s_ratio_poster/public/p2327866185.jpg
机动战士高达：逆袭的夏亚,9.0,日本,战争,https://movie.douban.com/subject/1401536/,https://img3.doubanio.com/view/photo/s_ratio_poster/public/p546980785.jpg
从纳粹手中救出的孩子们,9.6,英国,战争,https://movie.douban.com/subject/26715377/,https://img1.doubanio.com/view/photo/s_ratio_poster/public/p2323957637.jpg
怒海英雄：回报,9.2,英国,战争,https://movie.douban.com/subject/1889703/,https://img3.doubanio.com/view/photo/s_ratio_poster/public/p2278610124.jpg
怒海英雄：叛乱,9.1,英国,战争,https://movie.douban.com/subject/1889700/,https://img1.doubanio.com/view/subject/l/public/s1832238.jpg
钢琴家,9.0,英国,战争,https://movie.douban.com/subject/1296736/,https://img3.doubanio.com/view/photo/s_ratio_poster/public/p792484461.jpg
怒海英雄：火攻船,9.0,英国,战争,https://movie.douban.com/subject/1889694/,https://img3.doubanio.com/view/photo/s_ratio_poster/public/p2278610371.jpg
怒海英雄：忠诚,9.0,英国,战争,https://movie.douban.com/subject/1889706/,https://img3.doubanio.com/view/photo/s_ratio_poster/public/p2325137626.jpg
怒海英雄：公爵夫人与恶魔,9.0,英国,战争,https://movie.douban.com/subject/1889695/,https://img3.doubanio.com/view/photo/s_ratio_poster/public/p2278607774.jpg
地下,9.1,法国,战争,https://movie.douban.com/subject/1292206/,https://img3.doubanio.com/view/photo/s_ratio_poster/public/p1833776334.jpg
夜与雾,9.2,法国,战争,https://movie.douban.com/subject/1298270/,https://img3.doubanio.com/view/photo/s_ratio_poster/public/p2338915952.jpg
光荣的日子,9.1,法国,战争,https://movie.douban.com/subject/3724036/,https://img3.doubanio.com/view/photo/s_ratio_poster/public/p1112469352.jpg
钢琴家,9.0,法国,战争,https://movie.douban.com/subject/1296736/,https://img3.doubanio.com/view/photo/s_ratio_poster/public/p792484461.jpg
沉静如海,9.0,法国,战争,https://movie.douban.com/subject/1769507/,https://img3.doubanio.com/view/photo/s_ratio_poster/public/p2365157916.jpg
地下,9.1,德国,战争,https://movie.douban.com/subject/1292206/,https://img3.doubanio.com/view/photo/s_ratio_poster/public/p1833776334.jpg
钢琴家,9.0,德国,战争,https://movie.douban.com/subject/1296736/,https://img3.doubanio.com/view/photo/s_ratio_poster/public/p792484461.jpg
美丽人生,9.5,意大利,战争,https://movie.douban.com/subject/1292063/,https://img3.doubanio.com/view/photo/s_ratio_poster/public/p510861873.jpg
革命往事,9.1,意大利,战争,https://movie.douban.com/subject/1301026/,https://img1.doubanio.com/view/photo/s_ratio_poster/public/p2206010357.jpg
无间道,9.1,中国,犯罪,https://movie.douban.com/subject/1307914/,https://img3.doubanio.com/view/photo/s_ratio_poster/public/p2233971046.jpg
肖申克的救赎,9.6,美国,犯罪,https://movie.douban.com/subject/1292052/,https://img3.doubanio.com/view/photo/s_ratio_poster/public/p480747492.jpg
控方证人,9.6,美国,犯罪,https://movie.douban.com/subject/1296141/,https://img1.doubanio.com/view/photo/s_ratio_poster/public/p1505392928.jpg
美国法医档案,9.5,美国,犯罪,https://movie.douban.com/subject/3872009/,https://img3.doubanio.com/view/photo/s_ratio_poster/public/p2355646286.jpg
十二怒汉,9.4,美国,犯罪,https://movie.douban.com/subject/10583098/,https://img3.doubanio.com/view/photo/s_ratio_poster/public/p2153875961.jpg
控方证人,9.4,美国,犯罪,https://movie.douban.com/subject/5294851/,https://img3.doubanio.com/view/photo/s_ratio_poster/public/p2367853261.jpg
疑犯追踪 试播集,9.4,美国,犯罪,https://movie.douban.com/subject/24700683/,https://img1.doubanio.com/view/photo/s_ratio_poster/public/p1974739828.jpg
教父,9.2,美国,犯罪,https://movie.douban.com/subject/1291841/,https://img3.doubanio.com/view/photo/s_ratio_poster/public/p2190556185.jpg
同行：奥兰多特别篇,9.3,美国,犯罪,https://movie.douban.com/subject/26878436/,https://img3.doubanio.com/view/photo/s_ratio_poster/public/p2494282754.jpg
教父2,9.1,美国,犯罪,https://movie.douban.com/subject/1299131/,https://img1.doubanio.com/view/photo/s_ratio_poster/public/p2194138787.jpg
美国往事,9.1,美国,犯罪,https://movie.douban.com/subject/1292262/,https://img1.doubanio.com/view/photo/s_ratio_poster/public/p477229647.jpg
蝙蝠侠：黑暗骑士,9.1,美国,犯罪,https://movie.douban.com/subject/1851857/,https://img3.doubanio.com/view/photo/s_ratio_poster/public/p462657443.jpg
完美的世界,9.0,美国,犯罪,https://movie.douban.com/subject/1300992/,https://img3.doubanio.com/view/photo/s_ratio_poster/public/p792403691.jpg
无间道,9.1,香港,犯罪,https://movie.douban.com/subject/1307914/,https://img3.doubanio.com/view/photo/s_ratio_poster/public/p2233971046.jpg
空之境界 未来福音,9.1,日本,犯罪,https://movie.douban.com/subject/11499092/,https://img1.doubanio.com/view/photo/s_ratio_poster/public/p2037135869.jpg
古畑任三郎完结篇 重生之死,9.0,日本,犯罪,https://movie.douban.com/subject/10558405/,https://img1.doubanio.com/view/photo/s_ratio_poster/public/p2155138409.jpg
古畑任三郎 最后之舞,9.1,日本,犯罪,https://movie.douban.com/subject/10558406/,https://img3.doubanio.com/view/photo/s_ratio_poster/public/p2155138955.jpg
控方证人,9.4,英国,犯罪,https://movie.douban.com/subject/5294851/,https://img3.doubanio.com/view/photo/s_ratio_poster/public/p2367853261.jpg
临终的侦探,9.4,英国,犯罪,https://movie.douban.com/subject/3676944/,https://img3.doubanio.com/view/photo/s_ratio_poster/public/p2518184706.jpg
出租车司机冒险记,9.2,英国,犯罪,https://movie.douban.com/subject/4705150/,https://img3.doubanio.com/view/photo/s_ratio_poster/public/p2502580762.jpg
帷幕：波洛的最后一案,9.1,英国,犯罪,https://movie.douban.com/subject/25892252/,https://img1.doubanio.com/view/photo/s_ratio_poster/public/p2184353409.jpg
布鲁斯—帕廷顿计划,9.2,英国,犯罪,https://movie.douban.com/subject/3607057/,https://img3.doubanio.com/view/photo/s_ratio_poster/public/p2511443640.jpg
斑点带子案,9.2,英国,犯罪,https://movie.douban.com/subject/3231171/,https://img3.doubanio.com/view/photo/s_ratio_poster/public/p1779190432.jpg
最后一案,9.2,英国,犯罪,https://movie.douban.com/subject/3603187/,https://img3.doubanio.com/view/photo/s_ratio_poster/public/p2511441944.jpg
红发会,9.2,英国,犯罪,https://movie.douban.com/subject/3603181/,https://img3.doubanio.com/view/photo/s_ratio_poster/public/p2511442242.jpg
住院的病人,9.2,英国,犯罪,https://movie.douban.com/subject/3603173/,https://img3.doubanio.com/view/photo/s_ratio_poster/public/p2511442284.jpg
空屋,9.2,英国,犯罪,https://movie.douban.com/subject/3603208/,https://img3.doubanio.com/view/photo/s_ratio_poster/public/p2511442621.jpg
王冠宝石案,9.2,英国,犯罪,https://movie.douban.com/subject/3712239/,https://img3.doubanio.com/view/photo/s_ratio_poster/public/p2174237205.jpg
诺伍德的建筑师,9.2,英国,犯罪,https://movie.douban.com/subject/3603169/,https://img3.doubanio.com/view/photo/s_ratio_poster/public/p2511442211.jpg
马斯格雷夫仪式,9.2,英国,犯罪,https://movie.douban.com/subject/3607017/,https://img1.doubanio.com/view/photo/s_ratio_poster/public/p2518184319.jpg
显贵的主顾,9.2,英国,犯罪,https://movie.douban.com/subject/3676849/,https://img3.doubanio.com/view/photo/s_ratio_poster/public/p2518184536.jpg
两杆大烟枪,9.1,英国,犯罪,https://movie.douban.com/subject/1293350/,https://img1.doubanio.com/view/photo/s_ratio_poster/public/p792443418.jpg
六座拿破仑半身像,9.1,英国,犯罪,https://movie.douban.com/subject/3607036/,https://img3.doubanio.com/view/photo/s_ratio_poster/public/p2511444146.jpg
银色马,9.1,英国,犯罪,https://movie.douban.com/subject/3607042/,https://img1.doubanio.com/view/photo/s_ratio_poster/public/p2511443948.jpg
第二块血迹,9.1,英国,犯罪,https://movie.douban.com/subject/3607018/,https://img3.doubanio.com/view/photo/s_ratio_poster/public/p2511443522.jpg
魔鬼之足,9.1,英国,犯罪,https://movie.douban.com/subject/3607038/,https://img3.doubanio.com/view/photo/s_ratio_poster/public/p2511443805.jpg
硬纸盒子,9.1,英国,犯罪,https://movie.douban.com/subject/3712242/,https://img3.doubanio.com/view/photo/s_ratio_poster/public/p2509534531.jpg
这个杀手不太冷,9.4,法国,犯罪,https://movie.douban.com/subject/1295644/,https://img3.doubanio.com/view/photo/s_ratio_poster/public/p511118051.jpg
洞,9.2,法国,犯罪,https://movie.douban.com/subject/1424334/,https://img1.doubanio.com/view/photo/s_ratio_poster/public/p2497389079.jpg
洞,9.2,意大利,犯罪,https://movie.douban.com/subject/1424334/,https://img1.doubanio.com/view/photo/s_ratio_poster/public/p2497389079.jpg
美国往事,9.1,意大利,犯罪,https://movie.douban.com/subject/1292262/,https://img1.doubanio.com/view/photo/s_ratio_poster/public/p477229647.jpg
流浪者之歌,9.0,意大利,犯罪,https://movie.douban.com/subject/1303525/,https://img3.doubanio.com/view/photo/s_ratio_poster/public/p2267333084.jpg
心灵融合,9.5,美国,科幻,https://movie.douban.com/subject/5131881/,https://img1.doubanio.com/view/photo/s_ratio_poster/public/p2511552687.jpg
超感猎杀：完结特别篇,9.3,美国,科幻,https://movie.douban.com/subject/27040774/,https://img3.doubanio.com/view/photo/s_ratio_poster/public/p2520264840.jpg
瑞克与莫蒂之精致死尸,9.4,美国,科幻,https://movie.douban.com/subject/27101676/,https://img1.doubanio.com/view/photo/s_ratio_poster/public/p2494617459.jpg
历史频道 - 宇宙系列：大爆炸开始,9.3,美国,科幻,https://movie.douban.com/subject/4714475/,https://img3.doubanio.com/view/subject/l/public/s4227350.jpg
盗梦空间,9.3,美国,科幻,https://movie.douban.com/subject/3541415/,https://img3.doubanio.com/view/photo/s_ratio_poster/public/p513344864.jpg
机器人总动员,9.3,美国,科幻,https://movie.douban.com/subject/2131459/,https://img3.doubanio.com/view/photo/s_ratio_poster/public/p1461851991.jpg
守望先锋：双龙,9.3,美国,科幻,https://movie.douban.com/subject/26860017/,https://img3.doubanio.com/view/photo/s_ratio_poster/public/p2417863546.jpg
萤火虫10周年纪念,9.3,美国,科幻,https://movie.douban.com/subject/24882604/,https://img3.doubanio.com/view/photo/s_ratio_poster/public/p2161889323.jpg
星际穿越,9.2,美国,科幻,https://movie.douban.com/subject/1889243/,https://img3.doubanio.com/view/photo/s_ratio_poster/public/p2206088801.jpg
守望先锋：最后的堡垒,9.2,美国,科幻,https://movie.douban.com/subject/26860014/,https://img3.doubanio.com/view/photo/s_ratio_poster/public/p2501625602.jpg
楚门的世界,9.1,美国,科幻,https://movie.douban.com/subject/1292064/,https://img3.doubanio.com/view/photo/s_ratio_poster/public/p479682972.jpg
机器的复兴：第1部,9.1,美国,科幻,https://movie.douban.com/subject/2049553/,https://img3.doubanio.com/view/photo/s_ratio_poster/public/p2189949483.jpg
机器的复兴：第2部,9.1,美国,科幻,https://movie.douban.com/subject/2049556/,https://img3.doubanio.com/view/photo/s_ratio_poster/public/p2189949652.jpg
蝙蝠侠：黑暗骑士,9.1,美国,科幻,https://movie.douban.com/subject/1851857/,https://img3.doubanio.com/view/photo/s_ratio_poster/public/p462657443.jpg
电焊工波力,9.0,美国,科幻,https://movie.douban.com/subject/3338821/,https://img3.doubanio.com/view/photo/s_ratio_poster/public/p1202712652.jpg
世界纪录,9.0,美国,科幻,https://movie.douban.com/subject/2049559/,https://img3.doubanio.com/view/photo/s_ratio_poster/public/p2189185870.jpg
如此美好的一天(短片),9.1,美国,科幻,https://movie.douban.com/subject/10598713/,https://img3.doubanio.com/view/photo/s_ratio_poster/public/p2395484381.jpg
最棒的怪物,8.9,美国,科幻,https://movie.douban.com/subject/20393812/,https://img1.doubanio.com/view/subject/l/public/s24428449.jpg
星际牛仔,9.5,日本,科幻,https://movie.douban.com/subject/26883616/,https://img3.doubanio.com/view/photo/s_ratio_poster/public/p2385967281.jpg
新世纪福音战士剧场版：Air/真心为你,9.4,日本,科幻,https://movie.douban.com/subject/1308892/,https://img3.doubanio.com/view/photo/s_ratio_poster/public/p453716993.jpg
新世纪福音战士剧场版：复兴,9.3,日本,科幻,https://movie.douban.com/subject/20458867/,https://img3.doubanio.com/view/photo/s_ratio_poster/public/p2227584460.jpg
福音战士新剧场版：破,9.2,日本,科幻,https://movie.douban.com/subject/2567646/,https://img3.doubanio.com/view/photo/s_ratio_poster/public/p1026522114.jpg
新世纪福音战士剧场版：死与新生,9.2,日本,科幻,https://movie.douban.com/subject/1455442/,https://img3.doubanio.com/view/photo/s_ratio_poster/public/p454134242.jpg
银河英雄传说：我的征途是星辰大海,9.2,日本,科幻,https://movie.douban.com/subject/3542206/,https://img3.doubanio.com/view/photo/s_ratio_poster/public/p486657453.jpg
福音战士新剧场版：序,9.1,日本,科幻,https://movie.douban.com/subject/1968790/,https://img3.doubanio.com/view/photo/s_ratio_poster/public/p453715063.jpg
机动战士高达 THE ORIGIN III 破晓的起义,9.1,日本,科幻,https://movie.douban.com/subject/26359261/,https://img3.doubanio.com/view/photo/s_ratio_poster/public/p2325456546.jpg
命运石之门：横行跋扈的浪荡之徒,9.1,日本,科幻,https://movie.douban.com/subject/10521690/,https://img3.doubanio.com/view/photo/s_ratio_poster/public/p1432532161.jpg
银河英雄传说：新战争的序曲,9.1,日本,科幻,https://movie.douban.com/subject/3542229/,https://img3.doubanio.com/view/photo/s_ratio_poster/public/p2518590956.jpg
机动战士高达THE ORIGIN 赤色彗星诞生,8.9,日本,科幻,https://movie.douban.com/subject/26920182/,https://img3.doubanio.com/view/photo/s_ratio_poster/public/p2518242401.jpg
攻壳机动队2：无罪,9.0,日本,科幻,https://movie.douban.com/subject/1291566/,https://img1.doubanio.com/view/photo/s_ratio_poster/public/p1910832189.jpg
凉宫春日的消失,9.0,日本,科幻,https://movie.douban.com/subject/4074292/,https://img3.doubanio.com/view/photo/s_ratio_poster/public/p2246432125.jpg
机动战士高达 THE ORIGIN IV 命运前夜,9.0,日本,科幻,https://movie.douban.com/subject/26359260/,https://img3.doubanio.com/view/photo/s_ratio_poster/public/p2409626594.jpg
机动战士高达：逆袭的夏亚,9.0,日本,科幻,https://movie.douban.com/subject/1401536/,https://img3.doubanio.com/view/photo/s_ratio_poster/public/p546980785.jpg
2112年 哆啦A梦诞生,9.0,日本,科幻,https://movie.douban.com/subject/3558793/,https://img1.doubanio.com/view/photo/s_ratio_poster/public/p2507589858.jpg
新世纪福音战士 第0:0话 诞生之始,9.0,日本,科幻,https://movie.douban.com/subject/26306741/,https://img3.doubanio.com/view/photo/s_ratio_poster/public/p2222846543.jpg
赛文奥特曼 我是地球人,9.0,日本,科幻,https://movie.douban.com/subject/5041031/,https://img3.doubanio.com/view/subject/l/public/s4444833.jpg
高智能方程式赛车 TV总集篇,9.0,日本,科幻,https://movie.douban.com/subject/4906417/,https://img3.doubanio.com/view/subject/l/public/s4412555.jpg
宇宙快递,9.0,韩国,科幻,https://movie.douban.com/subject/25884822/,https://img3.doubanio.com/view/photo/s_ratio_poster/public/p2229847445.jpg
神秘博士特别篇：时间尽头(下),9.3,英国,科幻,https://movie.douban.com/subject/4215755/,https://img1.doubanio.com/view/photo/s_ratio_poster/public/p2151699747.jpg
神秘博士2005慈善特辑：帮助儿童,9.4,英国,科幻,https://movie.douban.com/subject/10577674/,https://img3.doubanio.com/view/photo/s_ratio_poster/public/p1826505672.jpg
盗梦空间,9.3,英国,科幻,https://movie.douban.com/subject/3541415/,https://img3.doubanio.com/view/photo/s_ratio_poster/public/p513344864.jpg
星际穿越,9.2,英国,科幻,https://movie.douban.com/subject/1889243/,https://img3.doubanio.com/view/photo/s_ratio_poster/public/p2206088801.jpg
神秘博士：时间冲撞,9.2,英国,科幻,https://movie.douban.com/subject/4188543/,https://img3.doubanio.com/view/photo/s_ratio_poster/public/p2523700570.jpg
最棒的同伴,9.1,英国,科幻,https://movie.douban.com/subject/20399058/,https://img1.doubanio.com/view/subject/l/public/s24439949.jpg
黑镜：圣诞特别篇,9.1,英国,科幻,https://movie.douban.com/subject/25964630/,https://img3.doubanio.com/view/photo/s_ratio_poster/public/p2233676442.jpg
神秘博士圣诞时刻,9.0,英国,科幻,https://movie.douban.com/subject/21354158/,https://img3.doubanio.com/view/subject/l/public/s24976003.jpg
蝙蝠侠：黑暗骑士,9.1,英国,科幻,https://movie.douban.com/subject/1851857/,https://img3.doubanio.com/view/photo/s_ratio_poster/public/p462657443.jpg
神秘博士：火星之水,9.0,英国,科幻,https://movie.douban.com/subject/4144683/,https://img3.doubanio.com/view/photo/s_ratio_poster/public/p2151616662.jpg
最棒的怪物,8.9,英国,科幻,https://movie.douban.com/subject/20393812/,https://img1.doubanio.com/view/subject/l/public/s24428449.jpg
星际穿越,9.2,加拿大,科幻,https://movie.douban.com/subject/1889243/,https://img3.doubanio.com/view/photo/s_ratio_poster/public/p2206088801.jpg
